"Data Source","World Development Indicators",

"Last Updated Date","2017-11-21",

"Country Name","Country Code","Indicator Name","Indicator Code","1960","1961","1962","1963","1964","1965","1966","1967","1968","1969","1970","1971","1972","1973","1974","1975","1976","1977","1978","1979","1980","1981","1982","1983","1984","1985","1986","1987","1988","1989","1990","1991","1992","1993","1994","1995","1996","1997","1998","1999","2000","2001","2002","2003","2004","2005","2006","2007","2008","2009","2010","2011","2012","2013","2014","2015","2016","2017",
"Aruba","ABW","Probability of dying at age 5-14 years (per 1,000 children age 5)","SH.DYN.0514","","","","","","","","","","","","","","","","","","","","","","","","","","","","","","","","","","","","","","","","","","","","","","","","","","","","","","","","","","",
"Afghanistan","AFG","Probability of dying at age 5-14 years (per 1,000 children age 5)","SH.DYN.0514","","","","","","","","","","","","","","","","","","","","","","","","","","","","","","","20.6","","","","","","","","","","12.9","","","","","","","","","","10.8","","","","","9.7","9.5","",
"Angola","AGO","Probability of dying at age 5-14 years (per 1,000 children age 5)","SH.DYN.0514","","","","","","","","","","","","","","","","","","","","","","","","","","","","","","","46.2","","","","","","","","","","40.9","","","","","","","","","","22.5","","","","","16.2","15.4","",
"Albania","ALB","Probability of dying at age 5-14 years (per 1,000 children age 5)","SH.DYN.0514","","","","","","","","","","","","","","","","","","","","","","","","","","","","","","","5.5","","","","","","","","","","3.7","","","","","","","","","","2.5","","","","","2.2","2.1","",
"Andorra","AND","Probability of dying at age 5-14 years (per 1,000 children age 5)","SH.DYN.0514","","","","","","","","","","","","","","","","","","","","","","","","","","","","","","","1.8","","","","","","","","","","1.2","","","","","","","","","","1","","","","","0.9","0.8","",
"Arab World","ARB","Probability of dying at age 5-14 years (per 1,000 children age 5)","SH.DYN.0514","","","","","","","","","","","","","","","","","","","","","","","","","","","","","","","12.7365313149272","","","","","","","","","","9.0062323877869","","","","","","","","","","7.01201448868583","","","","","6.228082034417","5.93963726319463","",
"United Arab Emirates","ARE","Probability of dying at age 5-14 years (per 1,000 children age 5)","SH.DYN.0514","","","","","","","","","","","","","","","","","","","","","","","","","","","","","","","5.5","","","","","","","","","","2.9","","","","","","","","","","1.7","","","","","1.3","1.3","",
"Argentina","ARG","Probability of dying at age 5-14 years (per 1,000 children age 5)","SH.DYN.0514","","","","","","","","","","","","","","","","","","","","","","","","","","","","","","","3.4","","","","","","","","","","2.8","","","","","","","","","","2.6","","","","","2.1","2.1","",
"Armenia","ARM","Probability of dying at age 5-14 years (per 1,000 children age 5)","SH.DYN.0514","","","","","","","","","","","","","","","","","","","","","","","","","","","","","","","4.2","","","","","","","","","","2","","","","","","","","","","2","","","","","2.2","2.2","",
"American Samoa","ASM","Probability of dying at age 5-14 years (per 1,000 children age 5)","SH.DYN.0514","","","","","","","","","","","","","","","","","","","","","","","","","","","","","","","","","","","","","","","","","","","","","","","","","","","","","","","","","","",
"Antigua and Barbuda","ATG","Probability of dying at age 5-14 years (per 1,000 children age 5)","SH.DYN.0514","","","","","","","","","","","","","","","","","","","","","","","","","","","","","","","4.5","","","","","","","","","","2.9","","","","","","","","","","2.1","","","","","1.8","1.8","",
"Australia","AUS","Probability of dying at age 5-14 years (per 1,000 children age 5)","SH.DYN.0514","","","","","","","","","","","","","","","","","","","","","","","","","","","","","","","1.9","","","","","","","","","","1.3","","","","","","","","","","1","","","","","0.9","0.9","",
"Austria","AUT","Probability of dying at age 5-14 years (per 1,000 children age 5)","SH.DYN.0514","","","","","","","","","","","","","","","","","","","","","","","","","","","","","","","1.8","","","","","","","","","","1.3","","","","","","","","","","1","","","","","0.9","0.9","",
"Azerbaijan","AZE","Probability of dying at age 5-14 years (per 1,000 children age 5)","SH.DYN.0514","","","","","","","","","","","","","","","","","","","","","","","","","","","","","","","5.3","","","","","","","","","","4.8","","","","","","","","","","3.3","","","","","2.9","2.9","",
"Burundi","BDI","Probability of dying at age 5-14 years (per 1,000 children age 5)","SH.DYN.0514","","","","","","","","","","","","","","","","","","","","","","","","","","","","","","","57.4","","","","","","","","","","64.9","","","","","","","","","","28.1","","","","","21","20.2","",
"Belgium","BEL","Probability of dying at age 5-14 years (per 1,000 children age 5)","SH.DYN.0514","","","","","","","","","","","","","","","","","","","","","","","","","","","","","","","2.1","","","","","","","","","","1.4","","","","","","","","","","1","","","","","0.9","0.9","",
"Benin","BEN","Probability of dying at age 5-14 years (per 1,000 children age 5)","SH.DYN.0514","","","","","","","","","","","","","","","","","","","","","","","","","","","","","","","45.5","","","","","","","","","","34.3","","","","","","","","","","26.9","","","","","23.1","22.4","",
"Burkina Faso","BFA","Probability of dying at age 5-14 years (per 1,000 children age 5)","SH.DYN.0514","","","","","","","","","","","","","","","","","","","","","","","","","","","","","","","40.6","","","","","","","","","","39.3","","","","","","","","","","30.5","","","","","26.3","25.5","",
"Bangladesh","BGD","Probability of dying at age 5-14 years (per 1,000 children age 5)","SH.DYN.0514","","","","","","","","","","","","","","","","","","","","","","","","","","","","","","","25.4","","","","","","","","","","11.3","","","","","","","","","","9.7","","","","","5.6","4.9","",
"Bulgaria","BGR","Probability of dying at age 5-14 years (per 1,000 children age 5)","SH.DYN.0514","","","","","","","","","","","","","","","","","","","","","","","","","","","","","","","4","","","","","","","","","","3.3","","","","","","","","","","2.4","","","","","1.8","1.7","",
"Bahrain","BHR","Probability of dying at age 5-14 years (per 1,000 children age 5)","SH.DYN.0514","","","","","","","","","","","","","","","","","","","","","","","","","","","","","","","3.6","","","","","","","","","","3.2","","","","","","","","","","2.2","","","","","1.8","1.8","",
"Bahamas, The","BHS","Probability of dying at age 5-14 years (per 1,000 children age 5)","SH.DYN.0514","","","","","","","","","","","","","","","","","","","","","","","","","","","","","","","3.9","","","","","","","","","","3.6","","","","","","","","","","3.2","","","","","2.8","2.8","",
"Bosnia and Herzegovina","BIH","Probability of dying at age 5-14 years (per 1,000 children age 5)","SH.DYN.0514","","","","","","","","","","","","","","","","","","","","","","","","","","","","","","","2.7","","","","","","","","","","1.7","","","","","","","","","","1.3","","","","","1.2","1.2","",
"Belarus","BLR","Probability of dying at age 5-14 years (per 1,000 children age 5)","SH.DYN.0514","","","","","","","","","","","","","","","","","","","","","","","","","","","","","","","3.9","","","","","","","","","","2.9","","","","","","","","","","2","","","","","1.6","1.5","",
"Belize","BLZ","Probability of dying at age 5-14 years (per 1,000 children age 5)","SH.DYN.0514","","","","","","","","","","","","","","","","","","","","","","","","","","","","","","","5.3","","","","","","","","","","4.4","","","","","","","","","","3.5","","","","","3","2.9","",
"Bermuda","BMU","Probability of dying at age 5-14 years (per 1,000 children age 5)","SH.DYN.0514","","","","","","","","","","","","","","","","","","","","","","","","","","","","","","","","","","","","","","","","","","","","","","","","","","","","","","","","","","",
"Bolivia","BOL","Probability of dying at age 5-14 years (per 1,000 children age 5)","SH.DYN.0514","","","","","","","","","","","","","","","","","","","","","","","","","","","","","","","13.5","","","","","","","","","","9","","","","","","","","","","7.6","","","","","6.5","6.4","",
"Brazil","BRA","Probability of dying at age 5-14 years (per 1,000 children age 5)","SH.DYN.0514","","","","","","","","","","","","","","","","","","","","","","","","","","","","","","","4.7","","","","","","","","","","3.4","","","","","","","","","","2.9","","","","","2.5","2.5","",
"Barbados","BRB","Probability of dying at age 5-14 years (per 1,000 children age 5)","SH.DYN.0514","","","","","","","","","","","","","","","","","","","","","","","","","","","","","","","2.9","","","","","","","","","","2.4","","","","","","","","","","2.3","","","","","2","2","",
"Brunei Darussalam","BRN","Probability of dying at age 5-14 years (per 1,000 children age 5)","SH.DYN.0514","","","","","","","","","","","","","","","","","","","","","","","","","","","","","","","3.8","","","","","","","","","","2.9","","","","","","","","","","2.5","","","","","2.3","2.3","",
"Bhutan","BTN","Probability of dying at age 5-14 years (per 1,000 children age 5)","SH.DYN.0514","","","","","","","","","","","","","","","","","","","","","","","","","","","","","","","18.1","","","","","","","","","","12.6","","","","","","","","","","9","","","","","7.4","7.1","",
"Botswana","BWA","Probability of dying at age 5-14 years (per 1,000 children age 5)","SH.DYN.0514","","","","","","","","","","","","","","","","","","","","","","","","","","","","","","","10.4","","","","","","","","","","9.1","","","","","","","","","","9.3","","","","","8.1","7.8","",
"Central African Republic","CAF","Probability of dying at age 5-14 years (per 1,000 children age 5)","SH.DYN.0514","","","","","","","","","","","","","","","","","","","","","","","","","","","","","","","35.6","","","","","","","","","","31.4","","","","","","","","","","27","","","","","23","22.2","",
"Canada","CAN","Probability of dying at age 5-14 years (per 1,000 children age 5)","SH.DYN.0514","","","","","","","","","","","","","","","","","","","","","","","","","","","","","","","2.1","","","","","","","","","","1.4","","","","","","","","","","1","","","","","0.9","0.8","",
"Central Europe and the Baltics","CEB","Probability of dying at age 5-14 years (per 1,000 children age 5)","SH.DYN.0514","","","","","","","","","","","","","","","","","","","","","","","","","","","","","","","3.46317143602049","","","","","","","","","","2.80116801515374","","","","","","","","","","1.6964445607362","","","","","1.31081714159942","1.24198397357001","",
"Switzerland","CHE","Probability of dying at age 5-14 years (per 1,000 children age 5)","SH.DYN.0514","","","","","","","","","","","","","","","","","","","","","","","","","","","","","","","2","","","","","","","","","","1.3","","","","","","","","","","0.9","","","","","0.7","0.7","",
"Channel Islands","CHI","Probability of dying at age 5-14 years (per 1,000 children age 5)","SH.DYN.0514","","","","","","","","","","","","","","","","","","","","","","","","","","","","","","","","","","","","","","","","","","","","","","","","","","","","","","","","","","",
"Chile","CHL","Probability of dying at age 5-14 years (per 1,000 children age 5)","SH.DYN.0514","","","","","","","","","","","","","","","","","","","","","","","","","","","","","","","3.1","","","","","","","","","","2.2","","","","","","","","","","1.6","","","","","1.5","1.5","",
"China","CHN","Probability of dying at age 5-14 years (per 1,000 children age 5)","SH.DYN.0514","","","","","","","","","","","","","","","","","","","","","","","","","","","","","","","6.7","","","","","","","","","","4.6","","","","","","","","","","3.4","","","","","2.9","2.8","",
"Cote d'Ivoire","CIV","Probability of dying at age 5-14 years (per 1,000 children age 5)","SH.DYN.0514","","","","","","","","","","","","","","","","","","","","","","","","","","","","","","","31","","","","","","","","","","29.2","","","","","","","","","","30.1","","","","","28.5","27.9","",
"Cameroon","CMR","Probability of dying at age 5-14 years (per 1,000 children age 5)","SH.DYN.0514","","","","","","","","","","","","","","","","","","","","","","","","","","","","","","","37.4","","","","","","","","","","35.7","","","","","","","","","","33.6","","","","","30.4","29.6","",
"Congo, Dem. Rep.","COD","Probability of dying at age 5-14 years (per 1,000 children age 5)","SH.DYN.0514","","","","","","","","","","","","","","","","","","","","","","","","","","","","","","","44.2","","","","","","","","","","37.2","","","","","","","","","","31.6","","","","","28.9","28.2","",
"Congo, Rep.","COG","Probability of dying at age 5-14 years (per 1,000 children age 5)","SH.DYN.0514","","","","","","","","","","","","","","","","","","","","","","","","","","","","","","","37","","","","","","","","","","23.4","","","","","","","","","","14.3","","","","","11.6","11.2","",
"Colombia","COL","Probability of dying at age 5-14 years (per 1,000 children age 5)","SH.DYN.0514","","","","","","","","","","","","","","","","","","","","","","","","","","","","","","","5.1","","","","","","","","","","4.6","","","","","","","","","","3.5","","","","","3.1","3","",
"Comoros","COM","Probability of dying at age 5-14 years (per 1,000 children age 5)","SH.DYN.0514","","","","","","","","","","","","","","","","","","","","","","","","","","","","","","","17.2","","","","","","","","","","11.5","","","","","","","","","","7.6","","","","","6.4","6.2","",
"Cabo Verde","CPV","Probability of dying at age 5-14 years (per 1,000 children age 5)","SH.DYN.0514","","","","","","","","","","","","","","","","","","","","","","","","","","","","","","","6","","","","","","","","","","4.4","","","","","","","","","","3.1","","","","","2.5","2.4","",
"Costa Rica","CRI","Probability of dying at age 5-14 years (per 1,000 children age 5)","SH.DYN.0514","","","","","","","","","","","","","","","","","","","","","","","","","","","","","","","2.9","","","","","","","","","","2.4","","","","","","","","","","1.9","","","","","1.8","1.8","",
"Caribbean small states","CSS","Probability of dying at age 5-14 years (per 1,000 children age 5)","SH.DYN.0514","","","","","","","","","","","","","","","","","","","","","","","","","","","","","","","5.62130749644869","","","","","","","","","","4.52315613522684","","","","","","","","","","3.73130685657847","","","","","3.2518012470941","3.20456556238929","",
"Cuba","CUB","Probability of dying at age 5-14 years (per 1,000 children age 5)","SH.DYN.0514","","","","","","","","","","","","","","","","","","","","","","","","","","","","","","","3.9","","","","","","","","","","2.7","","","","","","","","","","1.9","","","","","2","2.1","",
"Curacao","CUW","Probability of dying at age 5-14 years (per 1,000 children age 5)","SH.DYN.0514","","","","","","","","","","","","","","","","","","","","","","","","","","","","","","","","","","","","","","","","","","","","","","","","","","","","","","","","","","",
"Cayman Islands","CYM","Probability of dying at age 5-14 years (per 1,000 children age 5)","SH.DYN.0514","","","","","","","","","","","","","","","","","","","","","","","","","","","","","","","","","","","","","","","","","","","","","","","","","","","","","","","","","","",
"Cyprus","CYP","Probability of dying at age 5-14 years (per 1,000 children age 5)","SH.DYN.0514","","","","","","","","","","","","","","","","","","","","","","","","","","","","","","","2","","","","","","","","","","1.7","","","","","","","","","","1.2","","","","","0.9","0.9","",
"Czech Republic","CZE","Probability of dying at age 5-14 years (per 1,000 children age 5)","SH.DYN.0514","","","","","","","","","","","","","","","","","","","","","","","","","","","","","","","2.4","","","","","","","","","","1.7","","","","","","","","","","1.1","","","","","0.9","0.9","",
"Germany","DEU","Probability of dying at age 5-14 years (per 1,000 children age 5)","SH.DYN.0514","","","","","","","","","","","","","","","","","","","","","","","","","","","","","","","1.9","","","","","","","","","","1.2","","","","","","","","","","0.9","","","","","0.8","0.8","",
"Djibouti","DJI","Probability of dying at age 5-14 years (per 1,000 children age 5)","SH.DYN.0514","","","","","","","","","","","","","","","","","","","","","","","","","","","","","","","16.7","","","","","","","","","","7.8","","","","","","","","","","2.9","","","","","2.1","2","",
"Dominica","DMA","Probability of dying at age 5-14 years (per 1,000 children age 5)","SH.DYN.0514","","","","","","","","","","","","","","","","","","","","","","","","","","","","","","","3.3","","","","","","","","","","3.3","","","","","","","","","","2.9","","","","","2.5","2.4","",
"Denmark","DNK","Probability of dying at age 5-14 years (per 1,000 children age 5)","SH.DYN.0514","","","","","","","","","","","","","","","","","","","","","","","","","","","","","","","1.9","","","","","","","","","","1.3","","","","","","","","","","0.8","","","","","0.5","0.5","",
"Dominican Republic","DOM","Probability of dying at age 5-14 years (per 1,000 children age 5)","SH.DYN.0514","","","","","","","","","","","","","","","","","","","","","","","","","","","","","","","7.8","","","","","","","","","","5.4","","","","","","","","","","3.9","","","","","3.2","3.1","",
"Algeria","DZA","Probability of dying at age 5-14 years (per 1,000 children age 5)","SH.DYN.0514","","","","","","","","","","","","","","","","","","","","","","","","","","","","","","","8.9","","","","","","","","","","6.4","","","","","","","","","","4.3","","","","","4.1","4.1","",
"East Asia & Pacific (excluding high income)","EAP","Probability of dying at age 5-14 years (per 1,000 children age 5)","SH.DYN.0514","","","","","","","","","","","","","","","","","","","","","","","","","","","","","","","9.5","","","","","","","","","","6.5","","","","","","","","","","4.7","","","","","3.9","3.8","",
"Early-demographic dividend","EAR","Probability of dying at age 5-14 years (per 1,000 children age 5)","SH.DYN.0514","","","","","","","","","","","","","","","","","","","","","","","","","","","","","","","18.6414577706978","","","","","","","","","","12.8480365015069","","","","","","","","","","8.63479280149765","","","","","6.83823198822706","6.5244151381391","",
"East Asia & Pacific","EAS","Probability of dying at age 5-14 years (per 1,000 children age 5)","SH.DYN.0514","","","","","","","","","","","","","","","","","","","","","","","","","","","","","","","8.9419312939042","","","","","","","","","","6.07921387462622","","","","","","","","","","4.45793421163702","","","","","3.76001156496138","3.64310330239521","",
"Europe & Central Asia (excluding high income)","ECA","Probability of dying at age 5-14 years (per 1,000 children age 5)","SH.DYN.0514","","","","","","","","","","","","","","","","","","","","","","","","","","","","","","","6.1","","","","","","","","","","4.9","","","","","","","","","","3.1","","","","","2.5","2.4","",
"Europe & Central Asia","ECS","Probability of dying at age 5-14 years (per 1,000 children age 5)","SH.DYN.0514","","","","","","","","","","","","","","","","","","","","","","","","","","","","","","","4.28623425141965","","","","","","","","","","3.31099771998293","","","","","","","","","","2.08679157712355","","","","","1.71464449081508","1.64956095470998","",
"Ecuador","ECU","Probability of dying at age 5-14 years (per 1,000 children age 5)","SH.DYN.0514","","","","","","","","","","","","","","","","","","","","","","","","","","","","","","","7.8","","","","","","","","","","5.7","","","","","","","","","","4.1","","","","","3.5","3.4","",
"Egypt, Arab Rep.","EGY","Probability of dying at age 5-14 years (per 1,000 children age 5)","SH.DYN.0514","","","","","","","","","","","","","","","","","","","","","","","","","","","","","","","10.9","","","","","","","","","","5.8","","","","","","","","","","5.2","","","","","5","4.9","",
"Euro area","EMU","Probability of dying at age 5-14 years (per 1,000 children age 5)","SH.DYN.0514","","","","","","","","","","","","","","","","","","","","","","","","","","","","","","","2.13808667179192","","","","","","","","","","1.47487813619813","","","","","","","","","","0.973975352138349","","","","","0.836610283227438","0.789904670132106","",
"Eritrea","ERI","Probability of dying at age 5-14 years (per 1,000 children age 5)","SH.DYN.0514","","","","","","","","","","","","","","","","","","","","","","","","","","","","","","","48.3","","","","","","","","","","23.7","","","","","","","","","","15.2","","","","","13","12.5","",
"Spain","ESP","Probability of dying at age 5-14 years (per 1,000 children age 5)","SH.DYN.0514","","","","","","","","","","","","","","","","","","","","","","","","","","","","","","","2.3","","","","","","","","","","1.6","","","","","","","","","","1","","","","","0.8","0.8","",
"Estonia","EST","Probability of dying at age 5-14 years (per 1,000 children age 5)","SH.DYN.0514","","","","","","","","","","","","","","","","","","","","","","","","","","","","","","","4.7","","","","","","","","","","3.2","","","","","","","","","","1.7","","","","","1.3","1.2","",
"Ethiopia","ETH","Probability of dying at age 5-14 years (per 1,000 children age 5)","SH.DYN.0514","","","","","","","","","","","","","","","","","","","","","","","","","","","","","","","81.4","","","","","","","","","","46.6","","","","","","","","","","23.1","","","","","18","17.4","",
"European Union","EUU","Probability of dying at age 5-14 years (per 1,000 children age 5)","SH.DYN.0514","","","","","","","","","","","","","","","","","","","","","","","","","","","","","","","2.41502828152667","","","","","","","","","","1.73455942521571","","","","","","","","","","1.09506221220543","","","","","0.905605830703573","0.862340804740352","",
"Fragile and conflict affected situations","FCS","Probability of dying at age 5-14 years (per 1,000 children age 5)","SH.DYN.0514","","","","","","","","","","","","","","","","","","","","","","","","","","","","","","","30.4008473868274","","","","","","","","","","24.0434031257912","","","","","","","","","","18.6323353795395","","","","","16.2919289791076","15.8283018845079","",
"Finland","FIN","Probability of dying at age 5-14 years (per 1,000 children age 5)","SH.DYN.0514","","","","","","","","","","","","","","","","","","","","","","","","","","","","","","","1.8","","","","","","","","","","1.4","","","","","","","","","","1","","","","","0.8","0.8","",
"Fiji","FJI","Probability of dying at age 5-14 years (per 1,000 children age 5)","SH.DYN.0514","","","","","","","","","","","","","","","","","","","","","","","","","","","","","","","9.7","","","","","","","","","","7.3","","","","","","","","","","5.1","","","","","4.2","4.1","",
"France","FRA","Probability of dying at age 5-14 years (per 1,000 children age 5)","SH.DYN.0514","","","","","","","","","","","","","","","","","","","","","","","","","","","","","","","2","","","","","","","","","","1.4","","","","","","","","","","0.9","","","","","0.8","0.7","",
"Faroe Islands","FRO","Probability of dying at age 5-14 years (per 1,000 children age 5)","SH.DYN.0514","","","","","","","","","","","","","","","","","","","","","","","","","","","","","","","","","","","","","","","","","","","","","","","","","","","","","","","","","","",
"Micronesia, Fed. Sts.","FSM","Probability of dying at age 5-14 years (per 1,000 children age 5)","SH.DYN.0514","","","","","","","","","","","","","","","","","","","","","","","","","","","","","","","10","","","","","","","","","","9.2","","","","","","","","","","6.9","","","","","5.9","5.8","",
"Gabon","GAB","Probability of dying at age 5-14 years (per 1,000 children age 5)","SH.DYN.0514","","","","","","","","","","","","","","","","","","","","","","","","","","","","","","","21.5","","","","","","","","","","19","","","","","","","","","","17.5","","","","","16","15.7","",
"United Kingdom","GBR","Probability of dying at age 5-14 years (per 1,000 children age 5)","SH.DYN.0514","","","","","","","","","","","","","","","","","","","","","","","","","","","","","","","1.9","","","","","","","","","","1.3","","","","","","","","","","1","","","","","0.8","0.8","",
"Georgia","GEO","Probability of dying at age 5-14 years (per 1,000 children age 5)","SH.DYN.0514","","","","","","","","","","","","","","","","","","","","","","","","","","","","","","","7.2","","","","","","","","","","4.1","","","","","","","","","","2.7","","","","","2.8","2.8","",
"Ghana","GHA","Probability of dying at age 5-14 years (per 1,000 children age 5)","SH.DYN.0514","","","","","","","","","","","","","","","","","","","","","","","","","","","","","","","28.9","","","","","","","","","","22.4","","","","","","","","","","15.6","","","","","13","12.6","",
"Gibraltar","GIB","Probability of dying at age 5-14 years (per 1,000 children age 5)","SH.DYN.0514","","","","","","","","","","","","","","","","","","","","","","","","","","","","","","","","","","","","","","","","","","","","","","","","","","","","","","","","","","",
"Guinea","GIN","Probability of dying at age 5-14 years (per 1,000 children age 5)","SH.DYN.0514","","","","","","","","","","","","","","","","","","","","","","","","","","","","","","","52.1","","","","","","","","","","36.8","","","","","","","","","","26.9","","","","","23","22.3","",
"Gambia, The","GMB","Probability of dying at age 5-14 years (per 1,000 children age 5)","SH.DYN.0514","","","","","","","","","","","","","","","","","","","","","","","","","","","","","","","34.8","","","","","","","","","","23.3","","","","","","","","","","15.5","","","","","12.9","12.5","",
"Guinea-Bissau","GNB","Probability of dying at age 5-14 years (per 1,000 children age 5)","SH.DYN.0514","","","","","","","","","","","","","","","","","","","","","","","","","","","","","","","34.3","","","","","","","","","","28.3","","","","","","","","","","22.5","","","","","18.2","17.6","",
"Equatorial Guinea","GNQ","Probability of dying at age 5-14 years (per 1,000 children age 5)","SH.DYN.0514","","","","","","","","","","","","","","","","","","","","","","","","","","","","","","","39.7","","","","","","","","","","29.9","","","","","","","","","","20.9","","","","","17.5","16.8","",
"Greece","GRC","Probability of dying at age 5-14 years (per 1,000 children age 5)","SH.DYN.0514","","","","","","","","","","","","","","","","","","","","","","","","","","","","","","","1.9","","","","","","","","","","1.4","","","","","","","","","","1.1","","","","","1","0.9","",
"Grenada","GRD","Probability of dying at age 5-14 years (per 1,000 children age 5)","SH.DYN.0514","","","","","","","","","","","","","","","","","","","","","","","","","","","","","","","4","","","","","","","","","","3","","","","","","","","","","2.7","","","","","2.7","2.8","",
"Greenland","GRL","Probability of dying at age 5-14 years (per 1,000 children age 5)","SH.DYN.0514","","","","","","","","","","","","","","","","","","","","","","","","","","","","","","","","","","","","","","","","","","","","","","","","","","","","","","","","","","",
"Guatemala","GTM","Probability of dying at age 5-14 years (per 1,000 children age 5)","SH.DYN.0514","","","","","","","","","","","","","","","","","","","","","","","","","","","","","","","12.2","","","","","","","","","","6.7","","","","","","","","","","4.6","","","","","3.8","3.7","",
"Guam","GUM","Probability of dying at age 5-14 years (per 1,000 children age 5)","SH.DYN.0514","","","","","","","","","","","","","","","","","","","","","","","","","","","","","","","","","","","","","","","","","","","","","","","","","","","","","","","","","","",
"Guyana","GUY","Probability of dying at age 5-14 years (per 1,000 children age 5)","SH.DYN.0514","","","","","","","","","","","","","","","","","","","","","","","","","","","","","","","11.4","","","","","","","","","","9.3","","","","","","","","","","7.2","","","","","6.3","6.1","",
"High income","HIC","Probability of dying at age 5-14 years (per 1,000 children age 5)","SH.DYN.0514","","","","","","","","","","","","","","","","","","","","","","","","","","","","","","","2.6","","","","","","","","","","1.7","","","","","","","","","","1.2","","","","","1.1","1.1","",
"Hong Kong SAR, China","HKG","Probability of dying at age 5-14 years (per 1,000 children age 5)","SH.DYN.0514","","","","","","","","","","","","","","","","","","","","","","","","","","","","","","","","","","","","","","","","","","","","","","","","","","","","","","","","","","",
"Honduras","HND","Probability of dying at age 5-14 years (per 1,000 children age 5)","SH.DYN.0514","","","","","","","","","","","","","","","","","","","","","","","","","","","","","","","8.8","","","","","","","","","","6.6","","","","","","","","","","4.7","","","","","4","3.9","",
"Heavily indebted poor countries (HIPC)","HPC","Probability of dying at age 5-14 years (per 1,000 children age 5)","SH.DYN.0514","","","","","","","","","","","","","","","","","","","","","","","","","","","","","","","44.4501878978969","","","","","","","","","","32.8868443729325","","","","","","","","","","22.469482797758","","","","","19.0401173224115","18.5050475249225","",
"Croatia","HRV","Probability of dying at age 5-14 years (per 1,000 children age 5)","SH.DYN.0514","","","","","","","","","","","","","","","","","","","","","","","","","","","","","","","2.9","","","","","","","","","","1.7","","","","","","","","","","1.2","","","","","1.1","1.1","",
"Haiti","HTI","Probability of dying at age 5-14 years (per 1,000 children age 5)","SH.DYN.0514","","","","","","","","","","","","","","","","","","","","","","","","","","","","","","","30.8","","","","","","","","","","22.8","","","","","","","","","","30.3","","","","","14.9","14.5","",
"Hungary","HUN","Probability of dying at age 5-14 years (per 1,000 children age 5)","SH.DYN.0514","","","","","","","","","","","","","","","","","","","","","","","","","","","","","","","2.5","","","","","","","","","","1.9","","","","","","","","","","1.3","","","","","1","1","",
"IBRD only","IBD","Probability of dying at age 5-14 years (per 1,000 children age 5)","SH.DYN.0514","","","","","","","","","","","","","","","","","","","","","","","","","","","","","","","11.7657183441467","","","","","","","","","","8.41369709807201","","","","","","","","","","5.96924494929882","","","","","4.74116590511276","4.52577562978252","",
"IDA & IBRD total","IBT","Probability of dying at age 5-14 years (per 1,000 children age 5)","SH.DYN.0514","","","","","","","","","","","","","","","","","","","","","","","","","","","","","","","16.7419208916346","","","","","","","","","","12.5578418646173","","","","","","","","","","9.86522753684133","","","","","8.43785759023602","8.17373861808827","",
"IDA total","IDA","Probability of dying at age 5-14 years (per 1,000 children age 5)","SH.DYN.0514","","","","","","","","","","","","","","","","","","","","","","","","","","","","","","","32.8259119144478","","","","","","","","","","24.2022263282888","","","","","","","","","","18.031437015299","","","","","15.585187067566","15.1305662508861","",
"IDA blend","IDB","Probability of dying at age 5-14 years (per 1,000 children age 5)","SH.DYN.0514","","","","","","","","","","","","","","","","","","","","","","","","","","","","","","","24.5827739502007","","","","","","","","","","20.5277619009081","","","","","","","","","","17.3817007639921","","","","","15.8783428834089","15.4903278594974","",
"Indonesia","IDN","Probability of dying at age 5-14 years (per 1,000 children age 5)","SH.DYN.0514","","","","","","","","","","","","","","","","","","","","","","","","","","","","","","","15.4","","","","","","","","","","10","","","","","","","","","","6.5","","","","","5.4","5.3","",
"IDA only","IDX","Probability of dying at age 5-14 years (per 1,000 children age 5)","SH.DYN.0514","","","","","","","","","","","","","","","","","","","","","","","","","","","","","","","36.9351198263333","","","","","","","","","","26.0338985668552","","","","","","","","","","18.3358633358639","","","","","15.4458068582482","14.9582144661632","",
"Isle of Man","IMN","Probability of dying at age 5-14 years (per 1,000 children age 5)","SH.DYN.0514","","","","","","","","","","","","","","","","","","","","","","","","","","","","","","","","","","","","","","","","","","","","","","","","","","","","","","","","","","",
"India","IND","Probability of dying at age 5-14 years (per 1,000 children age 5)","SH.DYN.0514","","","","","","","","","","","","","","","","","","","","","","","","","","","","","","","20.9","","","","","","","","","","14.8","","","","","","","","","","9","","","","","6.7","6.3","",
"Not classified","INX","Probability of dying at age 5-14 years (per 1,000 children age 5)","SH.DYN.0514","","","","","","","","","","","","","","","","","","","","","","","","","","","","","","","","","","","","","","","","","","","","","","","","","","","","","","","","","","",
"Ireland","IRL","Probability of dying at age 5-14 years (per 1,000 children age 5)","SH.DYN.0514","","","","","","","","","","","","","","","","","","","","","","","","","","","","","","","1.9","","","","","","","","","","1.5","","","","","","","","","","1","","","","","0.8","0.8","",
"Iran, Islamic Rep.","IRN","Probability of dying at age 5-14 years (per 1,000 children age 5)","SH.DYN.0514","","","","","","","","","","","","","","","","","","","","","","","","","","","","","","","8.8","","","","","","","","","","5.5","","","","","","","","","","3.3","","","","","2.8","2.7","",
"Iraq","IRQ","Probability of dying at age 5-14 years (per 1,000 children age 5)","SH.DYN.0514","","","","","","","","","","","","","","","","","","","","","","","","","","","","","","","8.1","","","","","","","","","","6.7","","","","","","","","","","6.4","","","","","5.8","5.6","",
"Iceland","ISL","Probability of dying at age 5-14 years (per 1,000 children age 5)","SH.DYN.0514","","","","","","","","","","","","","","","","","","","","","","","","","","","","","","","1.7","","","","","","","","","","1.3","","","","","","","","","","1","","","","","0.9","0.9","",
"Israel","ISR","Probability of dying at age 5-14 years (per 1,000 children age 5)","SH.DYN.0514","","","","","","","","","","","","","","","","","","","","","","","","","","","","","","","2","","","","","","","","","","1.5","","","","","","","","","","1.1","","","","","0.9","0.9","",
"Italy","ITA","Probability of dying at age 5-14 years (per 1,000 children age 5)","SH.DYN.0514","","","","","","","","","","","","","","","","","","","","","","","","","","","","","","","1.8","","","","","","","","","","1.4","","","","","","","","","","0.9","","","","","0.8","0.7","",
"Jamaica","JAM","Probability of dying at age 5-14 years (per 1,000 children age 5)","SH.DYN.0514","","","","","","","","","","","","","","","","","","","","","","","","","","","","","","","5.1","","","","","","","","","","3.8","","","","","","","","","","3.1","","","","","2.7","2.7","",
"Jordan","JOR","Probability of dying at age 5-14 years (per 1,000 children age 5)","SH.DYN.0514","","","","","","","","","","","","","","","","","","","","","","","","","","","","","","","5","","","","","","","","","","4.6","","","","","","","","","","4.7","","","","","4.5","4.4","",
"Japan","JPN","Probability of dying at age 5-14 years (per 1,000 children age 5)","SH.DYN.0514","","","","","","","","","","","","","","","","","","","","","","","","","","","","","","","1.7","","","","","","","","","","1.2","","","","","","","","","","0.9","","","","","0.8","0.8","",
"Kazakhstan","KAZ","Probability of dying at age 5-14 years (per 1,000 children age 5)","SH.DYN.0514","","","","","","","","","","","","","","","","","","","","","","","","","","","","","","","5.7","","","","","","","","","","5.2","","","","","","","","","","3.8","","","","","3.1","3","",
"Kenya","KEN","Probability of dying at age 5-14 years (per 1,000 children age 5)","SH.DYN.0514","","","","","","","","","","","","","","","","","","","","","","","","","","","","","","","18.2","","","","","","","","","","17.6","","","","","","","","","","12.4","","","","","10.9","10.6","",
"Kyrgyz Republic","KGZ","Probability of dying at age 5-14 years (per 1,000 children age 5)","SH.DYN.0514","","","","","","","","","","","","","","","","","","","","","","","","","","","","","","","8.7","","","","","","","","","","5.2","","","","","","","","","","3.4","","","","","2.8","2.7","",
"Cambodia","KHM","Probability of dying at age 5-14 years (per 1,000 children age 5)","SH.DYN.0514","","","","","","","","","","","","","","","","","","","","","","","","","","","","","","","36.4","","","","","","","","","","20.4","","","","","","","","","","8.4","","","","","5.6","5.3","",
"Kiribati","KIR","Probability of dying at age 5-14 years (per 1,000 children age 5)","SH.DYN.0514","","","","","","","","","","","","","","","","","","","","","","","","","","","","","","","16.5","","","","","","","","","","11.8","","","","","","","","","","10.1","","","","","8.9","8.6","",
"St. Kitts and Nevis","KNA","Probability of dying at age 5-14 years (per 1,000 children age 5)","SH.DYN.0514","","","","","","","","","","","","","","","","","","","","","","","","","","","","","","","5.3","","","","","","","","","","3.8","","","","","","","","","","2.3","","","","","2","1.9","",
"Korea, Rep.","KOR","Probability of dying at age 5-14 years (per 1,000 children age 5)","SH.DYN.0514","","","","","","","","","","","","","","","","","","","","","","","","","","","","","","","5.3","","","","","","","","","","2.2","","","","","","","","","","1.2","","","","","0.9","0.8","",
"Kuwait","KWT","Probability of dying at age 5-14 years (per 1,000 children age 5)","SH.DYN.0514","","","","","","","","","","","","","","","","","","","","","","","","","","","","","","","3.7","","","","","","","","","","2.8","","","","","","","","","","2.3","","","","","1.8","1.8","",
"Latin America & Caribbean (excluding high income)","LAC","Probability of dying at age 5-14 years (per 1,000 children age 5)","SH.DYN.0514","","","","","","","","","","","","","","","","","","","","","","","","","","","","","","","6.3","","","","","","","","","","4.5","","","","","","","","","","3.9","","","","","3.2","3.1","",
"Lao PDR","LAO","Probability of dying at age 5-14 years (per 1,000 children age 5)","SH.DYN.0514","","","","","","","","","","","","","","","","","","","","","","","","","","","","","","","27.1","","","","","","","","","","18.7","","","","","","","","","","12.4","","","","","10.3","9.9","",
"Lebanon","LBN","Probability of dying at age 5-14 years (per 1,000 children age 5)","SH.DYN.0514","","","","","","","","","","","","","","","","","","","","","","","","","","","","","","","6.7","","","","","","","","","","2.7","","","","","","","","","","1.6","","","","","1.3","1.3","",
"Liberia","LBR","Probability of dying at age 5-14 years (per 1,000 children age 5)","SH.DYN.0514","","","","","","","","","","","","","","","","","","","","","","","","","","","","","","","33.9","","","","","","","","","","32","","","","","","","","","","22.1","","","","","17.9","17.3","",
"Libya","LBY","Probability of dying at age 5-14 years (per 1,000 children age 5)","SH.DYN.0514","","","","","","","","","","","","","","","","","","","","","","","","","","","","","","","8.5","","","","","","","","","","6.5","","","","","","","","","","5.5","","","","","5.1","4.9","",
"St. Lucia","LCA","Probability of dying at age 5-14 years (per 1,000 children age 5)","SH.DYN.0514","","","","","","","","","","","","","","","","","","","","","","","","","","","","","","","4.1","","","","","","","","","","3.6","","","","","","","","","","2.9","","","","","2.5","2.4","",
"Latin America & Caribbean","LCN","Probability of dying at age 5-14 years (per 1,000 children age 5)","SH.DYN.0514","","","","","","","","","","","","","","","","","","","","","","","","","","","","","","","6.16771011046758","","","","","","","","","","4.43003201316033","","","","","","","","","","3.84187382440941","","","","","3.11048745959317","3.04379828249152","",
"Least developed countries: UN classification","LDC","Probability of dying at age 5-14 years (per 1,000 children age 5)","SH.DYN.0514","","","","","","","","","","","","","","","","","","","","","","","","","","","","","","","39.3132149810924","","","","","","","","","","27.6272404878114","","","","","","","","","","18.9500241212502","","","","","15.7142394699932","15.2311452347375","",
"Low income","LIC","Probability of dying at age 5-14 years (per 1,000 children age 5)","SH.DYN.0514","","","","","","","","","","","","","","","","","","","","","","","","","","","","","","","46.3","","","","","","","","","","33.5","","","","","","","","","","22.4","","","","","18.9","18.4","",
"Liechtenstein","LIE","Probability of dying at age 5-14 years (per 1,000 children age 5)","SH.DYN.0514","","","","","","","","","","","","","","","","","","","","","","","","","","","","","","","","","","","","","","","","","","","","","","","","","","","","","","","","","","",
"Sri Lanka","LKA","Probability of dying at age 5-14 years (per 1,000 children age 5)","SH.DYN.0514","","","","","","","","","","","","","","","","","","","","","","","","","","","","","","","6.3","","","","","","","","","","4.5","","","","","","","","","","3.4","","","","","2.4","2.3","",
"Lower middle income","LMC","Probability of dying at age 5-14 years (per 1,000 children age 5)","SH.DYN.0514","","","","","","","","","","","","","","","","","","","","","","","","","","","","","","","20.1","","","","","","","","","","14.6","","","","","","","","","","10.4","","","","","8.7","8.3","",
"Low & middle income","LMY","Probability of dying at age 5-14 years (per 1,000 children age 5)","SH.DYN.0514","","","","","","","","","","","","","","","","","","","","","","","","","","","","","","","16.9","","","","","","","","","","12.9","","","","","","","","","","10","","","","","8.5","8.2","",
"Lesotho","LSO","Probability of dying at age 5-14 years (per 1,000 children age 5)","SH.DYN.0514","","","","","","","","","","","","","","","","","","","","","","","","","","","","","","","14.1","","","","","","","","","","13.3","","","","","","","","","","14.2","","","","","14.1","13.8","",
"Late-demographic dividend","LTE","Probability of dying at age 5-14 years (per 1,000 children age 5)","SH.DYN.0514","","","","","","","","","","","","","","","","","","","","","","","","","","","","","","","6.58320400790862","","","","","","","","","","4.64667250828483","","","","","","","","","","3.31084354714908","","","","","2.79104149327089","2.70625833772639","",
"Lithuania","LTU","Probability of dying at age 5-14 years (per 1,000 children age 5)","SH.DYN.0514","","","","","","","","","","","","","","","","","","","","","","","","","","","","","","","4.3","","","","","","","","","","2.9","","","","","","","","","","2.2","","","","","1.7","1.7","",
"Luxembourg","LUX","Probability of dying at age 5-14 years (per 1,000 children age 5)","SH.DYN.0514","","","","","","","","","","","","","","","","","","","","","","","","","","","","","","","1.8","","","","","","","","","","1","","","","","","","","","","0.6","","","","","0.5","0.5","",
"Latvia","LVA","Probability of dying at age 5-14 years (per 1,000 children age 5)","SH.DYN.0514","","","","","","","","","","","","","","","","","","","","","","","","","","","","","","","5.5","","","","","","","","","","3.5","","","","","","","","","","2.3","","","","","1.6","1.5","",
"Macao SAR, China","MAC","Probability of dying at age 5-14 years (per 1,000 children age 5)","SH.DYN.0514","","","","","","","","","","","","","","","","","","","","","","","","","","","","","","","","","","","","","","","","","","","","","","","","","","","","","","","","","","",
"St. Martin (French part)","MAF","Probability of dying at age 5-14 years (per 1,000 children age 5)","SH.DYN.0514","","","","","","","","","","","","","","","","","","","","","","","","","","","","","","","","","","","","","","","","","","","","","","","","","","","","","","","","","","",
"Morocco","MAR","Probability of dying at age 5-14 years (per 1,000 children age 5)","SH.DYN.0514","","","","","","","","","","","","","","","","","","","","","","","","","","","","","","","10.4","","","","","","","","","","6.2","","","","","","","","","","4.1","","","","","3.5","3.4","",
"Monaco","MCO","Probability of dying at age 5-14 years (per 1,000 children age 5)","SH.DYN.0514","","","","","","","","","","","","","","","","","","","","","","","","","","","","","","","1.7","","","","","","","","","","1.3","","","","","","","","","","1.1","","","","","1","0.9","",
"Moldova","MDA","Probability of dying at age 5-14 years (per 1,000 children age 5)","SH.DYN.0514","","","","","","","","","","","","","","","","","","","","","","","","","","","","","","","5.3","","","","","","","","","","4.3","","","","","","","","","","2.8","","","","","2.3","2.2","",
"Madagascar","MDG","Probability of dying at age 5-14 years (per 1,000 children age 5)","SH.DYN.0514","","","","","","","","","","","","","","","","","","","","","","","","","","","","","","","44.3","","","","","","","","","","26.6","","","","","","","","","","16.5","","","","","13.9","13.4","",
"Maldives","MDV","Probability of dying at age 5-14 years (per 1,000 children age 5)","SH.DYN.0514","","","","","","","","","","","","","","","","","","","","","","","","","","","","","","","12.6","","","","","","","","","","6.4","","","","","","","","","","3.4","","","","","2.6","2.5","",
"Middle East & North Africa","MEA","Probability of dying at age 5-14 years (per 1,000 children age 5)","SH.DYN.0514","","","","","","","","","","","","","","","","","","","","","","","","","","","","","","","9.50393215063172","","","","","","","","","","6.0842507404231","","","","","","","","","","4.60433611098203","","","","","4.25948567033865","4.02807462025362","",
"Mexico","MEX","Probability of dying at age 5-14 years (per 1,000 children age 5)","SH.DYN.0514","","","","","","","","","","","","","","","","","","","","","","","","","","","","","","","5.5","","","","","","","","","","3.5","","","","","","","","","","2.9","","","","","2.6","2.5","",
"Marshall Islands","MHL","Probability of dying at age 5-14 years (per 1,000 children age 5)","SH.DYN.0514","","","","","","","","","","","","","","","","","","","","","","","","","","","","","","","9.3","","","","","","","","","","7.4","","","","","","","","","","6.8","","","","","6.2","6","",
"Middle income","MIC","Probability of dying at age 5-14 years (per 1,000 children age 5)","SH.DYN.0514","","","","","","","","","","","","","","","","","","","","","","","","","","","","","","","14","","","","","","","","","","10.3","","","","","","","","","","7.9","","","","","6.6","6.4","",
"Macedonia, FYR","MKD","Probability of dying at age 5-14 years (per 1,000 children age 5)","SH.DYN.0514","","","","","","","","","","","","","","","","","","","","","","","","","","","","","","","3.2","","","","","","","","","","2.5","","","","","","","","","","1.4","","","","","1.1","1.1","",
"Mali","MLI","Probability of dying at age 5-14 years (per 1,000 children age 5)","SH.DYN.0514","","","","","","","","","","","","","","","","","","","","","","","","","","","","","","","46.7","","","","","","","","","","37.9","","","","","","","","","","28.3","","","","","24.2","23.5","",
"Malta","MLT","Probability of dying at age 5-14 years (per 1,000 children age 5)","SH.DYN.0514","","","","","","","","","","","","","","","","","","","","","","","","","","","","","","","1.6","","","","","","","","","","1.3","","","","","","","","","","1","","","","","0.9","0.9","",
"Myanmar","MMR","Probability of dying at age 5-14 years (per 1,000 children age 5)","SH.DYN.0514","","","","","","","","","","","","","","","","","","","","","","","","","","","","","","","19.6","","","","","","","","","","14.7","","","","","","","","","","10.3","","","","","8.5","8.2","",
"Middle East & North Africa (excluding high income)","MNA","Probability of dying at age 5-14 years (per 1,000 children age 5)","SH.DYN.0514","","","","","","","","","","","","","","","","","","","","","","","","","","","","","","","9.9","","","","","","","","","","6.4","","","","","","","","","","4.9","","","","","4.5","4.3","",
"Montenegro","MNE","Probability of dying at age 5-14 years (per 1,000 children age 5)","SH.DYN.0514","","","","","","","","","","","","","","","","","","","","","","","","","","","","","","","2.4","","","","","","","","","","1.9","","","","","","","","","","1.4","","","","","1.2","1.2","",
"Mongolia","MNG","Probability of dying at age 5-14 years (per 1,000 children age 5)","SH.DYN.0514","","","","","","","","","","","","","","","","","","","","","","","","","","","","","","","18.5","","","","","","","","","","10.8","","","","","","","","","","4.9","","","","","3.8","3.6","",
"Northern Mariana Islands","MNP","Probability of dying at age 5-14 years (per 1,000 children age 5)","SH.DYN.0514","","","","","","","","","","","","","","","","","","","","","","","","","","","","","","","","","","","","","","","","","","","","","","","","","","","","","","","","","","",
"Mozambique","MOZ","Probability of dying at age 5-14 years (per 1,000 children age 5)","SH.DYN.0514","","","","","","","","","","","","","","","","","","","","","","","","","","","","","","","68.4","","","","","","","","","","38.7","","","","","","","","","","20.3","","","","","16","15.4","",
"Mauritania","MRT","Probability of dying at age 5-14 years (per 1,000 children age 5)","SH.DYN.0514","","","","","","","","","","","","","","","","","","","","","","","","","","","","","","","21.7","","","","","","","","","","15.4","","","","","","","","","","11.3","","","","","9.7","9.3","",
"Mauritius","MUS","Probability of dying at age 5-14 years (per 1,000 children age 5)","SH.DYN.0514","","","","","","","","","","","","","","","","","","","","","","","","","","","","","","","3.7","","","","","","","","","","2.8","","","","","","","","","","2.2","","","","","1.9","1.8","",
"Malawi","MWI","Probability of dying at age 5-14 years (per 1,000 children age 5)","SH.DYN.0514","","","","","","","","","","","","","","","","","","","","","","","","","","","","","","","41.6","","","","","","","","","","27.4","","","","","","","","","","17.4","","","","","14.1","13.6","",
"Malaysia","MYS","Probability of dying at age 5-14 years (per 1,000 children age 5)","SH.DYN.0514","","","","","","","","","","","","","","","","","","","","","","","","","","","","","","","5","","","","","","","","","","3.6","","","","","","","","","","2.7","","","","","2.6","2.6","",
"North America","NAC","Probability of dying at age 5-14 years (per 1,000 children age 5)","SH.DYN.0514","","","","","","","","","","","","","","","","","","","","","","","","","","","","","","","2.37056731475582","","","","","","","","","","1.7641302512355","","","","","","","","","","1.27531942237564","","","","","1.26670793105025","1.25768185571102","",
"Namibia","NAM","Probability of dying at age 5-14 years (per 1,000 children age 5)","SH.DYN.0514","","","","","","","","","","","","","","","","","","","","","","","","","","","","","","","16.9","","","","","","","","","","14.4","","","","","","","","","","12.2","","","","","10.9","10.6","",
"New Caledonia","NCL","Probability of dying at age 5-14 years (per 1,000 children age 5)","SH.DYN.0514","","","","","","","","","","","","","","","","","","","","","","","","","","","","","","","","","","","","","","","","","","","","","","","","","","","","","","","","","","",
"Niger","NER","Probability of dying at age 5-14 years (per 1,000 children age 5)","SH.DYN.0514","","","","","","","","","","","","","","","","","","","","","","","","","","","","","","","70.8","","","","","","","","","","61","","","","","","","","","","47.5","","","","","41.6","40.3","",
"Nigeria","NGA","Probability of dying at age 5-14 years (per 1,000 children age 5)","SH.DYN.0514","","","","","","","","","","","","","","","","","","","","","","","","","","","","","","","42.3","","","","","","","","","","34.7","","","","","","","","","","25.2","","","","","21.3","20.6","",
"Nicaragua","NIC","Probability of dying at age 5-14 years (per 1,000 children age 5)","SH.DYN.0514","","","","","","","","","","","","","","","","","","","","","","","","","","","","","","","8.1","","","","","","","","","","6.2","","","","","","","","","","4.5","","","","","3.9","3.8","",
"Netherlands","NLD","Probability of dying at age 5-14 years (per 1,000 children age 5)","SH.DYN.0514","","","","","","","","","","","","","","","","","","","","","","","","","","","","","","","1.8","","","","","","","","","","1.4","","","","","","","","","","0.9","","","","","0.8","0.8","",
"Norway","NOR","Probability of dying at age 5-14 years (per 1,000 children age 5)","SH.DYN.0514","","","","","","","","","","","","","","","","","","","","","","","","","","","","","","","1.8","","","","","","","","","","1.3","","","","","","","","","","0.9","","","","","0.7","0.6","",
"Nepal","NPL","Probability of dying at age 5-14 years (per 1,000 children age 5)","SH.DYN.0514","","","","","","","","","","","","","","","","","","","","","","","","","","","","","","","28.9","","","","","","","","","","16.1","","","","","","","","","","7.3","","","","","5.5","5","",
"Nauru","NRU","Probability of dying at age 5-14 years (per 1,000 children age 5)","SH.DYN.0514","","","","","","","","","","","","","","","","","","","","","","","","","","","","","","","10.5","","","","","","","","","","7.5","","","","","","","","","","6.8","","","","","6.1","5.9","",
"New Zealand","NZL","Probability of dying at age 5-14 years (per 1,000 children age 5)","SH.DYN.0514","","","","","","","","","","","","","","","","","","","","","","","","","","","","","","","2.5","","","","","","","","","","1.8","","","","","","","","","","1.2","","","","","1","1","",
"OECD members","OED","Probability of dying at age 5-14 years (per 1,000 children age 5)","SH.DYN.0514","","","","","","","","","","","","","","","","","","","","","","","","","","","","","","","3.32404608573053","","","","","","","","","","2.23237754643236","","","","","","","","","","1.57909278893213","","","","","1.369053259568","1.3253176012318","",
"Oman","OMN","Probability of dying at age 5-14 years (per 1,000 children age 5)","SH.DYN.0514","","","","","","","","","","","","","","","","","","","","","","","","","","","","","","","6.4","","","","","","","","","","3.2","","","","","","","","","","2.3","","","","","2.2","2.1","",
"Other small states","OSS","Probability of dying at age 5-14 years (per 1,000 children age 5)","SH.DYN.0514","","","","","","","","","","","","","","","","","","","","","","","","","","","","","","","16.1440871078955","","","","","","","","","","13.1685350683257","","","","","","","","","","11.0366741059677","","","","","9.72712941636418","9.47411160299804","",
"Pakistan","PAK","Probability of dying at age 5-14 years (per 1,000 children age 5)","SH.DYN.0514","","","","","","","","","","","","","","","","","","","","","","","","","","","","","","","13.6","","","","","","","","","","11.1","","","","","","","","","","11","","","","","11.4","11.3","",
"Panama","PAN","Probability of dying at age 5-14 years (per 1,000 children age 5)","SH.DYN.0514","","","","","","","","","","","","","","","","","","","","","","","","","","","","","","","6.2","","","","","","","","","","4.6","","","","","","","","","","3.6","","","","","3.1","3","",
"Peru","PER","Probability of dying at age 5-14 years (per 1,000 children age 5)","SH.DYN.0514","","","","","","","","","","","","","","","","","","","","","","","","","","","","","","","10.9","","","","","","","","","","6.4","","","","","","","","","","4.4","","","","","3.7","3.5","",
"Philippines","PHL","Probability of dying at age 5-14 years (per 1,000 children age 5)","SH.DYN.0514","","","","","","","","","","","","","","","","","","","","","","","","","","","","","","","14.2","","","","","","","","","","10.5","","","","","","","","","","7.7","","","","","6.7","6.5","",
"Palau","PLW","Probability of dying at age 5-14 years (per 1,000 children age 5)","SH.DYN.0514","","","","","","","","","","","","","","","","","","","","","","","","","","","","","","","7.1","","","","","","","","","","5.3","","","","","","","","","","3.9","","","","","3.4","3.3","",
"Papua New Guinea","PNG","Probability of dying at age 5-14 years (per 1,000 children age 5)","SH.DYN.0514","","","","","","","","","","","","","","","","","","","","","","","","","","","","","","","15.2","","","","","","","","","","12.8","","","","","","","","","","10.5","","","","","8.9","8.6","",
"Poland","POL","Probability of dying at age 5-14 years (per 1,000 children age 5)","SH.DYN.0514","","","","","","","","","","","","","","","","","","","","","","","","","","","","","","","2.8","","","","","","","","","","1.9","","","","","","","","","","1.4","","","","","1.1","1","",
"Pre-demographic dividend","PRE","Probability of dying at age 5-14 years (per 1,000 children age 5)","SH.DYN.0514","","","","","","","","","","","","","","","","","","","","","","","","","","","","","","","38.4341492267579","","","","","","","","","","30.7777647235923","","","","","","","","","","22.3279449679363","","","","","19.1802659613921","18.6107391071853","",
"Puerto Rico","PRI","Probability of dying at age 5-14 years (per 1,000 children age 5)","SH.DYN.0514","","","","","","","","","","","","","","","","","","","","","","","","","","","","","","","","","","","","","","","","","","","","","","","","","","","","","","","","","","",
"Korea, Dem. People’s Rep.","PRK","Probability of dying at age 5-14 years (per 1,000 children age 5)","SH.DYN.0514","","","","","","","","","","","","","","","","","","","","","","","","","","","","","","","8.2","","","","","","","","","","10.2","","","","","","","","","","5.4","","","","","4.1","3.9","",
"Portugal","PRT","Probability of dying at age 5-14 years (per 1,000 children age 5)","SH.DYN.0514","","","","","","","","","","","","","","","","","","","","","","","","","","","","","","","3.9","","","","","","","","","","2.5","","","","","","","","","","1.2","","","","","0.9","0.8","",
"Paraguay","PRY","Probability of dying at age 5-14 years (per 1,000 children age 5)","SH.DYN.0514","","","","","","","","","","","","","","","","","","","","","","","","","","","","","","","7","","","","","","","","","","5.4","","","","","","","","","","4.3","","","","","3.7","3.6","",
"West Bank and Gaza","PSE","Probability of dying at age 5-14 years (per 1,000 children age 5)","SH.DYN.0514","","","","","","","","","","","","","","","","","","","","","","","","","","","","","","","6.5","","","","","","","","","","5","","","","","","","","","","3.9","","","","","3.4","3.3","",
"Pacific island small states","PSS","Probability of dying at age 5-14 years (per 1,000 children age 5)","SH.DYN.0514","","","","","","","","","","","","","","","","","","","","","","","","","","","","","","","8.63422823099818","","","","","","","","","","6.64871057012518","","","","","","","","","","5.31381325186175","","","","","4.70656254414992","4.60061935488937","",
"Post-demographic dividend","PST","Probability of dying at age 5-14 years (per 1,000 children age 5)","SH.DYN.0514","","","","","","","","","","","","","","","","","","","","","","","","","","","","","","","2.51635761530107","","","","","","","","","","1.72419800083418","","","","","","","","","","1.17703872774404","","","","","1.06231475422883","1.03350167215626","",
"French Polynesia","PYF","Probability of dying at age 5-14 years (per 1,000 children age 5)","SH.DYN.0514","","","","","","","","","","","","","","","","","","","","","","","","","","","","","","","","","","","","","","","","","","","","","","","","","","","","","","","","","","",
"Qatar","QAT","Probability of dying at age 5-14 years (per 1,000 children age 5)","SH.DYN.0514","","","","","","","","","","","","","","","","","","","","","","","","","","","","","","","3.8","","","","","","","","","","2.9","","","","","","","","","","2.2","","","","","1.8","1.8","",
"Romania","ROU","Probability of dying at age 5-14 years (per 1,000 children age 5)","SH.DYN.0514","","","","","","","","","","","","","","","","","","","","","","","","","","","","","","","5.3","","","","","","","","","","5.4","","","","","","","","","","2.5","","","","","1.9","1.8","",
"Russian Federation","RUS","Probability of dying at age 5-14 years (per 1,000 children age 5)","SH.DYN.0514","","","","","","","","","","","","","","","","","","","","","","","","","","","","","","","5.1","","","","","","","","","","4.6","","","","","","","","","","3.1","","","","","2.5","2.4","",
"Rwanda","RWA","Probability of dying at age 5-14 years (per 1,000 children age 5)","SH.DYN.0514","","","","","","","","","","","","","","","","","","","","","","","","","","","","","","","67","","","","","","","","","","65.8","","","","","","","","","","21.8","","","","","12.9","12","",
"South Asia","SAS","Probability of dying at age 5-14 years (per 1,000 children age 5)","SH.DYN.0514","","","","","","","","","","","","","","","","","","","","","","","","","","","","","","","20.6","","","","","","","","","","13.9","","","","","","","","","","9.3","","","","","7.2","6.8","",
"Saudi Arabia","SAU","Probability of dying at age 5-14 years (per 1,000 children age 5)","SH.DYN.0514","","","","","","","","","","","","","","","","","","","","","","","","","","","","","","","7.1","","","","","","","","","","3.9","","","","","","","","","","2.9","","","","","2.5","2.4","",
"Sudan","SDN","Probability of dying at age 5-14 years (per 1,000 children age 5)","SH.DYN.0514","","","","","","","","","","","","","","","","","","","","","","","","","","","","","","","29.7","","","","","","","","","","22.1","","","","","","","","","","12.1","","","","","9.4","9.1","",
"Senegal","SEN","Probability of dying at age 5-14 years (per 1,000 children age 5)","SH.DYN.0514","","","","","","","","","","","","","","","","","","","","","","","","","","","","","","","37.3","","","","","","","","","","35.8","","","","","","","","","","21.5","","","","","16.9","16.2","",
"Singapore","SGP","Probability of dying at age 5-14 years (per 1,000 children age 5)","SH.DYN.0514","","","","","","","","","","","","","","","","","","","","","","","","","","","","","","","2.3","","","","","","","","","","1.4","","","","","","","","","","0.9","","","","","0.8","0.7","",
"Solomon Islands","SLB","Probability of dying at age 5-14 years (per 1,000 children age 5)","SH.DYN.0514","","","","","","","","","","","","","","","","","","","","","","","","","","","","","","","7.4","","","","","","","","","","5.8","","","","","","","","","","5.2","","","","","4.8","4.7","",
"Sierra Leone","SLE","Probability of dying at age 5-14 years (per 1,000 children age 5)","SH.DYN.0514","","","","","","","","","","","","","","","","","","","","","","","","","","","","","","","55.2","","","","","","","","","","46.4","","","","","","","","","","29.9","","","","","21.8","20.8","",
"El Salvador","SLV","Probability of dying at age 5-14 years (per 1,000 children age 5)","SH.DYN.0514","","","","","","","","","","","","","","","","","","","","","","","","","","","","","","","7","","","","","","","","","","5","","","","","","","","","","4.1","","","","","3.8","3.7","",
"San Marino","SMR","Probability of dying at age 5-14 years (per 1,000 children age 5)","SH.DYN.0514","","","","","","","","","","","","","","","","","","","","","","","","","","","","","","","2.1","","","","","","","","","","1.3","","","","","","","","","","1","","","","","0.9","0.9","",
"Somalia","SOM","Probability of dying at age 5-14 years (per 1,000 children age 5)","SH.DYN.0514","","","","","","","","","","","","","","","","","","","","","","","","","","","","","","","37.7","","","","","","","","","","34.4","","","","","","","","","","29.8","","","","","25","24.1","",
"Serbia","SRB","Probability of dying at age 5-14 years (per 1,000 children age 5)","SH.DYN.0514","","","","","","","","","","","","","","","","","","","","","","","","","","","","","","","3.1","","","","","","","","","","2.4","","","","","","","","","","1.5","","","","","1.3","1.3","",
"Sub-Saharan Africa (excluding high income)","SSA","Probability of dying at age 5-14 years (per 1,000 children age 5)","SH.DYN.0514","","","","","","","","","","","","","","","","","","","","","","","","","","","","","","","41.6","","","","","","","","","","32.5","","","","","","","","","","22.5","","","","","19","18.4","",
"South Sudan","SSD","Probability of dying at age 5-14 years (per 1,000 children age 5)","SH.DYN.0514","","","","","","","","","","","","","","","","","","","","","","","","","","","","","","","54","","","","","","","","","","36.4","","","","","","","","","","21.3","","","","","17.5","16.9","",
"Sub-Saharan Africa","SSF","Probability of dying at age 5-14 years (per 1,000 children age 5)","SH.DYN.0514","","","","","","","","","","","","","","","","","","","","","","","","","","","","","","","41.4021587096397","","","","","","","","","","32.3347955748044","","","","","","","","","","22.3982345279279","","","","","18.9893863420284","18.4113569959205","",
"Small states","SST","Probability of dying at age 5-14 years (per 1,000 children age 5)","SH.DYN.0514","","","","","","","","","","","","","","","","","","","","","","","","","","","","","","","13.2280626642395","","","","","","","","","","10.9967767574059","","","","","","","","","","9.37148008758744","","","","","8.37049687666874","8.1821483176219","",
"Sao Tome and Principe","STP","Probability of dying at age 5-14 years (per 1,000 children age 5)","SH.DYN.0514","","","","","","","","","","","","","","","","","","","","","","","","","","","","","","","20.3","","","","","","","","","","17.4","","","","","","","","","","12","","","","","9.7","9.4","",
"Suriname","SUR","Probability of dying at age 5-14 years (per 1,000 children age 5)","SH.DYN.0514","","","","","","","","","","","","","","","","","","","","","","","","","","","","","","","7.2","","","","","","","","","","5.2","","","","","","","","","","3.8","","","","","3.3","3.2","",
"Slovak Republic","SVK","Probability of dying at age 5-14 years (per 1,000 children age 5)","SH.DYN.0514","","","","","","","","","","","","","","","","","","","","","","","","","","","","","","","2.6","","","","","","","","","","2.2","","","","","","","","","","1.7","","","","","1.3","1.3","",
"Slovenia","SVN","Probability of dying at age 5-14 years (per 1,000 children age 5)","SH.DYN.0514","","","","","","","","","","","","","","","","","","","","","","","","","","","","","","","2.3","","","","","","","","","","1.6","","","","","","","","","","1","","","","","0.8","0.8","",
"Sweden","SWE","Probability of dying at age 5-14 years (per 1,000 children age 5)","SH.DYN.0514","","","","","","","","","","","","","","","","","","","","","","","","","","","","","","","1.4","","","","","","","","","","1.2","","","","","","","","","","0.9","","","","","0.8","0.8","",
"Swaziland","SWZ","Probability of dying at age 5-14 years (per 1,000 children age 5)","SH.DYN.0514","","","","","","","","","","","","","","","","","","","","","","","","","","","","","","","18.5","","","","","","","","","","15.5","","","","","","","","","","12.9","","","","","11.7","11.4","",
"Sint Maarten (Dutch part)","SXM","Probability of dying at age 5-14 years (per 1,000 children age 5)","SH.DYN.0514","","","","","","","","","","","","","","","","","","","","","","","","","","","","","","","","","","","","","","","","","","","","","","","","","","","","","","","","","","",
"Seychelles","SYC","Probability of dying at age 5-14 years (per 1,000 children age 5)","SH.DYN.0514","","","","","","","","","","","","","","","","","","","","","","","","","","","","","","","4.9","","","","","","","","","","4","","","","","","","","","","3.9","","","","","3.8","3.8","",
"Syrian Arab Republic","SYR","Probability of dying at age 5-14 years (per 1,000 children age 5)","SH.DYN.0514","","","","","","","","","","","","","","","","","","","","","","","","","","","","","","","7.4","","","","","","","","","","5.4","","","","","","","","","","3.9","","","","","5.4","3.2","",
"Turks and Caicos Islands","TCA","Probability of dying at age 5-14 years (per 1,000 children age 5)","SH.DYN.0514","","","","","","","","","","","","","","","","","","","","","","","","","","","","","","","","","","","","","","","","","","","","","","","","","","","","","","","","","","",
"Chad","TCD","Probability of dying at age 5-14 years (per 1,000 children age 5)","SH.DYN.0514","","","","","","","","","","","","","","","","","","","","","","","","","","","","","","","54.7","","","","","","","","","","42.3","","","","","","","","","","32","","","","","27.3","26.4","",
"East Asia & Pacific (IDA & IBRD countries)","TEA","Probability of dying at age 5-14 years (per 1,000 children age 5)","SH.DYN.0514","","","","","","","","","","","","","","","","","","","","","","","","","","","","","","","9.50478739390278","","","","","","","","","","6.34143390351955","","","","","","","","","","4.7161467848197","","","","","3.97173140007804","3.84740433260748","",
"Europe & Central Asia (IDA & IBRD countries)","TEC","Probability of dying at age 5-14 years (per 1,000 children age 5)","SH.DYN.0514","","","","","","","","","","","","","","","","","","","","","","","","","","","","","","","5.80288836263722","","","","","","","","","","4.6176944645607","","","","","","","","","","3.03185616088366","","","","","2.45495987359949","2.35563905526388","",
"Togo","TGO","Probability of dying at age 5-14 years (per 1,000 children age 5)","SH.DYN.0514","","","","","","","","","","","","","","","","","","","","","","","","","","","","","","","38.8","","","","","","","","","","32","","","","","","","","","","26.1","","","","","23.2","22.5","",
"Thailand","THA","Probability of dying at age 5-14 years (per 1,000 children age 5)","SH.DYN.0514","","","","","","","","","","","","","","","","","","","","","","","","","","","","","","","8.2","","","","","","","","","","5.7","","","","","","","","","","3.9","","","","","3.3","3.2","",
"Tajikistan","TJK","Probability of dying at age 5-14 years (per 1,000 children age 5)","SH.DYN.0514","","","","","","","","","","","","","","","","","","","","","","","","","","","","","","","17.6","","","","","","","","","","8.5","","","","","","","","","","4.5","","","","","3.6","3.4","",
"Turkmenistan","TKM","Probability of dying at age 5-14 years (per 1,000 children age 5)","SH.DYN.0514","","","","","","","","","","","","","","","","","","","","","","","","","","","","","","","6.5","","","","","","","","","","5.6","","","","","","","","","","4.1","","","","","3.8","3.7","",
"Latin America & the Caribbean (IDA & IBRD countries)","TLA","Probability of dying at age 5-14 years (per 1,000 children age 5)","SH.DYN.0514","","","","","","","","","","","","","","","","","","","","","","","","","","","","","","","6.20451586927275","","","","","","","","","","4.45783274666415","","","","","","","","","","3.86699924758749","","","","","3.12396499277458","3.0551806290872","",
"Timor-Leste","TLS","Probability of dying at age 5-14 years (per 1,000 children age 5)","SH.DYN.0514","","","","","","","","","","","","","","","","","","","","","","","","","","","","","","","29.5","","","","","","","","","","17.5","","","","","","","","","","10.1","","","","","8.3","8","",
"Middle East & North Africa (IDA & IBRD countries)","TMN","Probability of dying at age 5-14 years (per 1,000 children age 5)","SH.DYN.0514","","","","","","","","","","","","","","","","","","","","","","","","","","","","","","","9.92612292395275","","","","","","","","","","6.41430716121175","","","","","","","","","","4.90083140862368","","","","","4.55722934786988","4.30231633722914","",
"Tonga","TON","Probability of dying at age 5-14 years (per 1,000 children age 5)","SH.DYN.0514","","","","","","","","","","","","","","","","","","","","","","","","","","","","","","","4.8","","","","","","","","","","3.8","","","","","","","","","","3.6","","","","","3.5","3.4","",
"South Asia (IDA & IBRD)","TSA","Probability of dying at age 5-14 years (per 1,000 children age 5)","SH.DYN.0514","","","","","","","","","","","","","","","","","","","","","","","","","","","","","","","20.5667362953668","","","","","","","","","","13.9114622002427","","","","","","","","","","9.25186111955113","","","","","7.17925372862503","6.80893307873376","",
"Sub-Saharan Africa (IDA & IBRD countries)","TSS","Probability of dying at age 5-14 years (per 1,000 children age 5)","SH.DYN.0514","","","","","","","","","","","","","","","","","","","","","","","","","","","","","","","41.4021587096397","","","","","","","","","","32.3347955748044","","","","","","","","","","22.3982345279279","","","","","18.9893863420284","18.4113569959205","",
"Trinidad and Tobago","TTO","Probability of dying at age 5-14 years (per 1,000 children age 5)","SH.DYN.0514","","","","","","","","","","","","","","","","","","","","","","","","","","","","","","","3.8","","","","","","","","","","3.5","","","","","","","","","","3.2","","","","","2.8","2.8","",
"Tunisia","TUN","Probability of dying at age 5-14 years (per 1,000 children age 5)","SH.DYN.0514","","","","","","","","","","","","","","","","","","","","","","","","","","","","","","","7.4","","","","","","","","","","5.3","","","","","","","","","","3.8","","","","","3.2","3.1","",
"Turkey","TUR","Probability of dying at age 5-14 years (per 1,000 children age 5)","SH.DYN.0514","","","","","","","","","","","","","","","","","","","","","","","","","","","","","","","9.1","","","","","","","","","","6.2","","","","","","","","","","3.4","","","","","2.4","2.3","",
"Tuvalu","TUV","Probability of dying at age 5-14 years (per 1,000 children age 5)","SH.DYN.0514","","","","","","","","","","","","","","","","","","","","","","","","","","","","","","","10.3","","","","","","","","","","7.6","","","","","","","","","","5.6","","","","","4.8","4.7","",
"Tanzania","TZA","Probability of dying at age 5-14 years (per 1,000 children age 5)","SH.DYN.0514","","","","","","","","","","","","","","","","","","","","","","","","","","","","","","","30.8","","","","","","","","","","21.7","","","","","","","","","","14.3","","","","","12.5","12.2","",
"Uganda","UGA","Probability of dying at age 5-14 years (per 1,000 children age 5)","SH.DYN.0514","","","","","","","","","","","","","","","","","","","","","","","","","","","","","","","32.8","","","","","","","","","","26.6","","","","","","","","","","19.4","","","","","16.6","16.1","",
"Ukraine","UKR","Probability of dying at age 5-14 years (per 1,000 children age 5)","SH.DYN.0514","","","","","","","","","","","","","","","","","","","","","","","","","","","","","","","4.5","","","","","","","","","","3.8","","","","","","","","","","2.7","","","","","2","1.8","",
"Upper middle income","UMC","Probability of dying at age 5-14 years (per 1,000 children age 5)","SH.DYN.0514","","","","","","","","","","","","","","","","","","","","","","","","","","","","","","","6.6","","","","","","","","","","4.8","","","","","","","","","","3.6","","","","","3","2.9","",
"Uruguay","URY","Probability of dying at age 5-14 years (per 1,000 children age 5)","SH.DYN.0514","","","","","","","","","","","","","","","","","","","","","","","","","","","","","","","3.3","","","","","","","","","","2.6","","","","","","","","","","2.1","","","","","1.8","1.7","",
"United States","USA","Probability of dying at age 5-14 years (per 1,000 children age 5)","SH.DYN.0514","","","","","","","","","","","","","","","","","","","","","","","","","","","","","","","2.4","","","","","","","","","","1.8","","","","","","","","","","1.3","","","","","1.3","1.3","",
"Uzbekistan","UZB","Probability of dying at age 5-14 years (per 1,000 children age 5)","SH.DYN.0514","","","","","","","","","","","","","","","","","","","","","","","","","","","","","","","6","","","","","","","","","","4.6","","","","","","","","","","3.5","","","","","3.5","3.4","",
"St. Vincent and the Grenadines","VCT","Probability of dying at age 5-14 years (per 1,000 children age 5)","SH.DYN.0514","","","","","","","","","","","","","","","","","","","","","","","","","","","","","","","3.8","","","","","","","","","","3.8","","","","","","","","","","4.1","","","","","3.8","3.7","",
"Venezuela, RB","VEN","Probability of dying at age 5-14 years (per 1,000 children age 5)","SH.DYN.0514","","","","","","","","","","","","","","","","","","","","","","","","","","","","","","","4.5","","","","","","","","","","3.7","","","","","","","","","","3.1","","","","","2.7","2.6","",
"British Virgin Islands","VGB","Probability of dying at age 5-14 years (per 1,000 children age 5)","SH.DYN.0514","","","","","","","","","","","","","","","","","","","","","","","","","","","","","","","","","","","","","","","","","","","","","","","","","","","","","","","","","","",
"Virgin Islands (U.S.)","VIR","Probability of dying at age 5-14 years (per 1,000 children age 5)","SH.DYN.0514","","","","","","","","","","","","","","","","","","","","","","","","","","","","","","","","","","","","","","","","","","","","","","","","","","","","","","","","","","",
"Vietnam","VNM","Probability of dying at age 5-14 years (per 1,000 children age 5)","SH.DYN.0514","","","","","","","","","","","","","","","","","","","","","","","","","","","","","","","13.2","","","","","","","","","","7.4","","","","","","","","","","3.9","","","","","2.9","2.8","",
"Vanuatu","VUT","Probability of dying at age 5-14 years (per 1,000 children age 5)","SH.DYN.0514","","","","","","","","","","","","","","","","","","","","","","","","","","","","","","","7","","","","","","","","","","5.6","","","","","","","","","","5.4","","","","","5.1","5","",
"World","WLD","Probability of dying at age 5-14 years (per 1,000 children age 5)","SH.DYN.0514","","","","","","","","","","","","","","","","","","","","","","","","","","","","","","","15.2","","","","","","","","","","11.7","","","","","","","","","","9.1","","","","","7.8","7.5","",
"Samoa","WSM","Probability of dying at age 5-14 years (per 1,000 children age 5)","SH.DYN.0514","","","","","","","","","","","","","","","","","","","","","","","","","","","","","","","6.3","","","","","","","","","","4.6","","","","","","","","","","3.9","","","","","3.6","3.5","",
"Kosovo","XKX","Probability of dying at age 5-14 years (per 1,000 children age 5)","SH.DYN.0514","","","","","","","","","","","","","","","","","","","","","","","","","","","","","","","","","","","","","","","","","","","","","","","","","","","","","","","","","","",
"Yemen, Rep.","YEM","Probability of dying at age 5-14 years (per 1,000 children age 5)","SH.DYN.0514","","","","","","","","","","","","","","","","","","","","","","","","","","","","","","","20.8","","","","","","","","","","13","","","","","","","","","","7.8","","","","","6.3","6.1","",
"South Africa","ZAF","Probability of dying at age 5-14 years (per 1,000 children age 5)","SH.DYN.0514","","","","","","","","","","","","","","","","","","","","","","","","","","","","","","","10.5","","","","","","","","","","10.1","","","","","","","","","","8.3","","","","","5.7","5.2","",
"Zambia","ZMB","Probability of dying at age 5-14 years (per 1,000 children age 5)","SH.DYN.0514","","","","","","","","","","","","","","","","","","","","","","","","","","","","","","","30.2","","","","","","","","","","26.4","","","","","","","","","","17.5","","","","","14.4","13.9","",
"Zimbabwe","ZWE","Probability of dying at age 5-14 years (per 1,000 children age 5)","SH.DYN.0514","","","","","","","","","","","","","","","","","","","","","","","","","","","","","","","12.7","","","","","","","","","","14.8","","","","","","","","","","16.6","","","","","15.6","15.3","",
